<?xml version="1.0" encoding="UTF-8"?>
<project-private xmlns="http://www.netbeans.org/ns/project-private/1">
    <editor-bookmarks xmlns="http://www.netbeans.org/ns/editor-bookmarks/2" lastBookmarkId="0"/>
    <open-files xmlns="http://www.netbeans.org/ns/projectui-open-files/2">
        <group>
            <file>file:/C:/Users/dell/Desktop/HMS/HostelManagementSystem/web/admin/Payment_receive.jsp</file>
            <file>file:/C:/Users/dell/Desktop/HMS/HostelManagementSystem/web/admin/ViewComplain.jsp</file>
            <file>file:/C:/Users/dell/Desktop/HMS/HostelManagementSystem/web/parents/viewLeave_P.jsp</file>
            <file>file:/C:/Users/dell/Desktop/HMS/HostelManagementSystem/web/students/ChangeRoom.jsp</file>
            <file>file:/C:/Users/dell/Desktop/HMS/HostelManagementSystem/web/Login.jsp</file>
            <file>file:/C:/Users/dell/Desktop/HMS/HostelManagementSystem/web/ChangePassword.jsp</file>
            <file>file:/C:/Users/dell/Desktop/HMS/HostelManagementSystem/web/students/ApplyComplain_S.jsp</file>
            <file>file:/C:/Users/dell/Desktop/HMS/HostelManagementSystem/web/admin/submit_payment_receive.jsp</file>
            <file>file:/C:/Users/dell/Desktop/HMS/HostelManagementSystem/web/admin/ViewLeave.jsp</file>
            <file>file:/C:/Users/dell/Desktop/HMS/HostelManagementSystem/web/students/ApplyLeave.jsp</file>
            <file>file:/C:/Users/dell/Desktop/HMS/HostelManagementSystem/web/admin/searchStudent.jsp</file>
            <file>file:/C:/Users/dell/Desktop/HMS/HostelManagementSystem/web/forgotPassword.jsp</file>
            <file>file:/C:/Users/dell/Desktop/HMS/HostelManagementSystem/web/ComplainImageSubject.jsp</file>
        </group>
    </open-files>
</project-private>
